idx_test,accuracy,weighted_acc,AUC,recall,precision,specificity,accuracy_mv,weighted_acc_mv,recall_mv,precision_mv,specificity_mv,comp_cost
3,0.9479553699493408,0.9426640926640927,0.9825932383537292,0.9285714030265808,0.9069767594337463,0.9567567567567568,0.9553903345724907,0.9513191763191764,0.9404761904761905,0.9186046511627907,0.9621621621621622,11.055152893066406
6,0.8534482717514038,0.8747582205029014,0.9733437299728394,0.9090909361839294,0.5714285969734192,0.8404255319148937,0.896551724137931,0.8926499032882012,0.8863636363636364,0.6724137931034483,0.898936170212766,11.055152893066406
18,0.9624413251876831,0.9761904761904762,0.996494710445404,1,0.849056601524353,0.9523809523809523,0.9577464788732394,0.9732142857142857,1,0.8333333333333334,0.9464285714285714,11.055152893066406
23,0.91582489013671875,0.9328747628083491,0.9916982054710388,0.9784946441650391,0.7982456088066101,0.8872549019607843,0.9259259259259259,0.9431530676786843,0.989247311827957,0.8141592920353983,0.8970588235294118,11.055152893066406
